threshold,precision,recall
0.0068,0.0582,1.0
0.006805,0.05821164232846569,1.0
0.006806,0.05822328931572629,1.0
0.006809,0.05823494096457875,1.0
0.006813,0.058246597277822255,1.0
0.006815,0.058258258258258255,1.0
0.006824,0.05826992390869043,1.0
0.006837,0.058281594231924694,1.0
0.00684,0.05829326923076923,1.0
0.006845,0.05830494890803446,1.0
0.00685,0.058316633266533066,1.0
0.006852,0.05832832230907998,1.0
0.006853,0.058351714457589736,1.0
0.006858,0.05836341756919374,1.0
0.006859,0.058375125376128385,1.0
0.00686,0.058398555087296806,1.0
0.006861,0.05841027699718988,1.0
0.006864,0.05842200361373218,1.0
0.006865,0.058433734939759036,1.0
0.006867,0.05844547097810805,1.0
0.00687,0.05846895720313442,1.0
0.006873,0.05848070739549839,1.0
0.006874,0.05850422195416164,1.0
0.006875,0.05851598632616127,1.0
0.006877,0.0585513078470825,1.0
0.006883,0.058563091165224394,1.0
0.006885,0.058574879227053143,1.0
0.006887,0.058586672035433864,1.0
0.006888,0.05861027190332326,1.0
0.00689,0.05862207896857373,1.0
0.006891,0.05863389079185976,1.0
0.006892,0.058645707376058044,1.0
0.006894,0.05865752872404757,1.0
0.006895,0.05868118572292801,1.0
0.006896,0.05872855701311806,1.0
0.006898,0.058740411788453774,1.0
0.006899,0.05875227135069655,1.0
0.006901,0.05876413570274636,1.0
0.006902,0.05877600484750555,1.0
0.006905,0.058787878787878785,1.0
0.006907,0.058799757526773085,1.0
0.006908,0.05881164106709782,1.0
0.006909,0.058823529411764705,1.0
0.00691,0.05883542256368783,1.0
0.006911,0.05884732052578362,1.0
0.006914,0.058859223300970875,1.0
0.006915,0.0588949605343048,1.0
0.006916,0.05891880947560235,1.0
0.00692,0.058930741190765495,1.0
0.006921,0.05896656534954407,1.0
0.006922,0.05897851641670045,1.0
0.006924,0.05900243309002433,1.0
0.006925,0.059026369168357,1.0
0.006926,0.05905032467532467,1.0
0.006927,0.05906230972194033,1.0
0.006928,0.059098294069861904,1.0
0.006929,0.05912230800487606,1.0
0.00693,0.05914634146341463,1.0
0.006931,0.059158365521447445,1.0
0.006932,0.059170394469296464,1.0
0.006933,0.059182428309945086,1.0
0.006936,0.059218559218559216,1.0
0.006938,0.059242671009771986,1.0
0.006939,0.05925473427000611,1.0
0.00694,0.05926680244399185,1.0
0.006943,0.059290953545232276,1.0
0.006944,0.059351417499490106,1.0
0.006948,0.05936352509179926,1.0
0.006953,0.059387755102040814,1.0
0.006954,0.05939987752602572,1.0
0.006956,0.0594241372268736,1.0
0.006958,0.059460563955864326,1.0
0.006959,0.05947271612507664,1.0
0.006961,0.05950920245398773,1.0
0.006963,0.05952137451421559,1.0
0.006964,0.05953355155482815,1.0
0.006966,0.05955792058943921,1.0
0.006968,0.05958230958230958,1.0
0.006969,0.05959451157075568,1.0
0.00697,0.05960671855796804,1.0
0.006971,0.059618930547019056,1.0
0.006972,0.05965559655596556,1.0
0.006974,0.05966782858314538,1.0
0.006975,0.05969230769230769,1.0
0.006976,0.05971680689513647,1.0
0.006978,0.05976586568083796,1.0
0.006979,0.05977814297452753,1.0
0.006982,0.0597904253133347,1.0
0.006983,0.059802712700369916,1.0
0.006986,0.05985191279308926,1.0
0.006987,0.0598642254680107,1.0
0.006988,0.059876543209876544,1.0
0.006989,0.05991352686843731,1.0
0.006991,0.05996290954049042,1.0
0.006992,0.06,1.0
0.006993,0.06001237368529594,1.0
0.006995,0.06002475247524752,1.0
0.006997,0.060037136373014235,1.0
0.006998,0.060061919504643964,1.0
0.007002,0.06007431874483898,1.0
0.007003,0.060099132589838906,1.0
0.007004,0.06011154720099153,1.0
0.007005,0.06013639181649101,1.0
0.007006,0.06014882182720132,1.0
0.007009,0.06018614270941055,1.0
0.00701,0.06021104903786468,1.0
0.007011,0.060260923586663906,1.0
0.007013,0.06031088082901554,1.0
0.007016,0.06033589052456977,1.0
0.007017,0.06038597219340112,1.0
0.007018,0.06041104421839319,1.0
0.007019,0.06042358803986711,1.0
0.00702,0.06043613707165109,1.0
0.007023,0.06046125077913983,1.0
0.007024,0.0604989604989605,1.0
0.007025,0.06051154086088584,1.0
0.007029,0.06053671728728937,1.0
0.00703,0.060549313358302125,1.0
0.007031,0.06057452123230641,1.0
0.007033,0.060587133041848845,1.0
0.007034,0.06059975010412328,1.0
0.007035,0.060625,1.0
0.007036,0.06068821689259645,1.0
0.007037,0.06073888541014402,1.0
0.00704,0.060751565762004175,1.0
0.007041,0.06080234015879649,1.0
0.007043,0.060827759197324416,1.0
0.007045,0.06085319949811794,1.0
0.007046,0.06086592763020288,1.0
0.007047,0.06089139987445072,1.0
0.00705,0.060904143993302635,1.0
0.007051,0.06094240837696335,1.0
0.007052,0.06098072087175189,1.0
0.007054,0.060993502410396146,1.0
0.007055,0.06103187919463087,1.0
0.007056,0.06112161310649023,1.0
0.007057,0.06114729985291027,1.0
0.007058,0.0611730081984444,1.0
0.007061,0.061198738170347,1.0
0.007063,0.061224489795918366,1.0
0.007065,0.06126315789473684,1.0
0.007066,0.06127605811749842,1.0
0.007067,0.061288963774220724,1.0
0.007068,0.0613018748683379,1.0
0.007069,0.06131479140328698,1.0
0.00707,0.061366512020244623,1.0
0.007072,0.061379455811010335,1.0
0.007073,0.06143128562381254,1.0
0.007074,0.06144425675675676,1.0
0.007075,0.061457233368532205,1.0
0.007077,0.0614702154626109,1.0
0.007079,0.06148320304246778,1.0
0.00708,0.061509194673430564,1.0
0.007082,0.06156124391791834,1.0
0.007085,0.061574269995768094,1.0
0.007086,0.06160033869602032,1.0
0.007088,0.061613381325428755,1.0
0.007089,0.06166560712015257,1.0
0.00709,0.06167867740568037,1.0
0.007091,0.06170483460559797,1.0
0.007093,0.06171792152704136,1.0
0.007094,0.0617572156196944,1.0
0.007095,0.06179655977914632,1.0
0.007097,0.06183595410114747,1.0
0.007099,0.06184909670563231,1.0
0.0071,0.061875398681692534,1.0
0.007101,0.06191489361702128,1.0
0.007104,0.06194125159642401,1.0
0.007107,0.06196763202725724,1.0
0.007108,0.061980830670926516,1.0
0.00711,0.062020460358056265,1.0
0.007111,0.06203368151780004,1.0
0.007113,0.06204690831556503,1.0
0.007114,0.062060140754958415,1.0
0.007116,0.062086622573074464,1.0
0.007117,0.06212638770281811,1.0
0.007118,0.06216620380260628,1.0
0.007122,0.06217948717948718,1.0
0.007124,0.06220607097050022,1.0
0.007127,0.062219371391917896,1.0
0.007129,0.062245989304812836,1.0
0.00713,0.06227263000213995,1.0
0.007131,0.06228595890410959,1.0
0.007132,0.062312633832976444,1.0
0.007134,0.06232597986720925,1.0
0.007136,0.062339331619537273,1.0
0.007137,0.06236605229318474,1.0
0.007138,0.06239279588336192,1.0
0.007139,0.06241956241956242,1.0
0.007141,0.062459755312298776,1.0
0.007147,0.06247316444826106,1.0
0.00715,0.0625,1.0
0.007152,0.06252685861624409,1.0
0.007153,0.06254029658284978,1.0
0.007154,0.06259410625941063,1.0
0.007155,0.06264800861141012,1.0
0.007158,0.06266149870801034,1.0
0.007159,0.06267499461555029,1.0
0.00716,0.06268849633778543,1.0
0.007165,0.06270200387847447,1.0
0.007169,0.06274256144890039,1.0
0.00717,0.06276962899050906,1.0
0.007174,0.06279671989641779,1.0
0.007177,0.06283740012956165,1.0
0.007178,0.06286454957874271,1.0
0.007179,0.06289172249837909,1.0
0.007181,0.06291891891891892,1.0
0.007182,0.0629733823847652,1.0
0.007184,0.06300064949123187,1.0
0.007185,0.06302794022092267,1.0
0.007186,0.06305525460455037,1.0
0.007189,0.06306892067620286,1.0
0.007192,0.063082592672881,1.0
0.007194,0.06309627059843885,1.0
0.007196,0.0631099544567339,1.0
0.007197,0.06312364425162689,1.0
0.0072,0.063137339986982,1.0
0.007203,0.06316474929455176,1.0
0.007207,0.06319218241042346,1.0
0.007209,0.06321963936563112,1.0
0.00721,0.06324712019126277,1.0
0.007212,0.06327462491846053,1.0
0.007213,0.06331592689295039,1.0
0.007214,0.06334349151066608,1.0
0.007217,0.06337108013937283,1.0
0.007218,0.06342632955536182,1.0
0.007219,0.06344015696533682,1.0
0.007224,0.06346782988004362,1.0
0.007228,0.06348167539267016,1.0
0.007229,0.06349552694741435,1.0
0.007233,0.06350938454823221,1.0
0.007237,0.06353711790393013,1.0
0.007239,0.063564875491481,1.0
0.007243,0.06357876338212803,1.0
0.007246,0.06359265734265734,1.0
0.00725,0.06362046348928728,1.0
0.007254,0.0636482939632546,1.0
0.007258,0.06367614879649891,1.0
0.007265,0.06369008535784636,1.0
0.007267,0.06371797679001533,1.0
0.007271,0.06374589266155531,1.0
0.007272,0.06377383300460224,1.0
0.007275,0.06378781236299869,1.0
0.00729,0.06381578947368421,1.0
0.007291,0.06382978723404255,1.0
0.007295,0.06387181738366988,1.0
0.007302,0.06389986824769434,1.0
0.007307,0.06392794376098418,1.0
0.007321,0.06395604395604396,1.0
0.007342,0.06398416886543536,1.0
0.007348,0.06401231852177738,1.0
0.007351,0.06402640264026403,1.0
0.007364,0.06404049295774648,1.0
0.007365,0.0640545894783183,1.0
0.007369,0.06406869220607662,1.0
0.007372,0.06408280114512221,1.0
0.007374,0.06409691629955948,1.0
0.007379,0.06411103767349637,1.0
0.007381,0.06412516527104452,1.0
0.007384,0.06416758544652701,1.0
0.007388,0.06418173797970887,1.0
0.007392,0.0641958967571145,1.0
0.007394,0.06421006178287732,1.0
0.007395,0.06422423306113441,1.0
0.007399,0.06423841059602649,1.0
0.007403,0.06425259439169795,1.0
0.007407,0.06426678445229682,1.0
0.007408,0.06428098078197482,1.0
0.007409,0.06429518338488732,1.0
0.007414,0.06430939226519337,1.0
0.007418,0.06433782887464072,1.0
0.007424,0.06436629064366291,1.0
0.007431,0.06438053097345132,1.0
0.007432,0.06440903054448871,1.0
0.007433,0.06442328979411113,1.0
0.007438,0.06443755535872453,1.0
0.007441,0.06445182724252492,1.0
0.007443,0.06446610544971201,1.0
0.007444,0.06448038998448925,1.0
0.007446,0.06449468085106383,1.0
0.007447,0.06455190771960959,1.0
0.007448,0.06456623030840915,1.0
0.007449,0.06458055925432757,1.0
0.007452,0.06459489456159823,1.0
0.007456,0.06460923623445826,1.0
0.007461,0.06463793869391382,1.0
0.007462,0.06468104023116249,1.0
0.007465,0.06470980653769179,1.0
0.007469,0.06475300400534045,1.0
0.007471,0.06476741598041398,1.0
0.007474,0.06478183437221728,1.0
0.007481,0.06481069042316258,1.0
0.007483,0.06482512809088883,1.0
0.007484,0.06486847971466786,1.0
0.007488,0.06488294314381271,1.0
0.007489,0.06489741302408564,1.0
0.00749,0.0649118893598037,1.0
0.007491,0.06492637215528782,1.0
0.007493,0.06496985934360348,1.0
0.007494,0.06498436802143814,1.0
0.007495,0.06501340482573727,1.0
0.007499,0.06502793296089386,1.0
0.0075,0.06504246759052303,1.0
0.007501,0.06505700871898056,1.0
0.007502,0.06508611048982331,1.0
0.007503,0.06510067114093959,1.0
0.007505,0.06512981199641898,1.0
0.007506,0.0651443922095366,1.0
0.007507,0.06517357222844344,1.0
0.007508,0.06518817204301075,1.0
0.007511,0.06520277840017925,1.0
0.007513,0.06521739130434782,1.0
0.007516,0.06524663677130045,1.0
0.007517,0.0653052064631957,1.0
0.007518,0.06531986531986532,1.0
0.007522,0.06534920278463957,1.0
0.007524,0.06536388140161725,1.0
0.007525,0.06539325842696629,1.0
0.00753,0.06542266187050359,1.0
0.007531,0.06545209176788123,1.0
0.007533,0.06548154815481548,1.0
0.007537,0.06554054054054054,1.0
0.007538,0.06557007661108608,1.0
0.007541,0.06559963931469792,1.0
0.007543,0.06564403338596887,1.0
0.007547,0.06568848758465011,1.0
0.007548,0.0657033190336419,1.0
0.00755,0.06571815718157181,1.0
0.007553,0.06573300203297945,1.0
0.007554,0.06580732700135686,1.0
0.007556,0.06582221216919248,1.0
0.007558,0.06583710407239819,1.0
0.007559,0.06586690810321412,1.0
0.007561,0.06588182023998189,1.0
0.007563,0.06589673913043478,1.0
0.007566,0.06592659719075668,1.0
0.007568,0.06594153636981645,1.0
0.00757,0.06598639455782312,1.0
0.007572,0.06601633393829401,1.0
0.00758,0.06606129398410897,1.0
0.007582,0.06609130138541904,1.0
0.007583,0.06610631531122217,1.0
0.00759,0.06613636363636363,1.0
0.007591,0.06616643929058663,1.0
0.007595,0.06621160409556313,1.0
0.007596,0.06622667273554847,1.0
0.007597,0.06627191983602825,1.0
0.007599,0.06628701594533029,1.0
0.007605,0.06630211893369788,1.0
0.007607,0.06634746922024624,1.0
0.007611,0.06636259977194983,1.0
0.007612,0.06637773722627738,1.0
0.007614,0.06639288158795345,1.0
0.007615,0.06640803286170699,1.0
0.007616,0.06642319105227117,1.0
0.007619,0.06645352820278602,1.0
0.00762,0.06649908592321754,1.0
0.007621,0.06652949245541838,1.0
0.007622,0.06655992680695334,1.0
0.007624,0.06660563057907988,1.0
0.007631,0.06662087912087912,1.0
0.007632,0.06663613464621021,1.0
0.007633,0.06666666666666667,1.0
0.007635,0.06668194317140239,1.0
0.007637,0.06671251719394773,1.0
0.007638,0.06674311926605504,1.0
0.00764,0.06677374942634236,1.0
0.007642,0.06678907505164104,1.0
0.007643,0.06680440771349862,1.0
0.007645,0.06681974741676235,1.0
0.007646,0.06685044796691937,1.0
0.007647,0.06688117674097908,1.0
0.007648,0.06691193377787998,1.0
0.007649,0.06694271911663216,1.0
0.007652,0.06695812241141279,1.0
0.007655,0.06701980654076463,1.0
0.007656,0.06703524533517623,1.0
0.007657,0.06706614427287394,1.0
0.007659,0.0670970717085543,1.0
0.007664,0.0671280276816609,1.0
0.007665,0.06714351638209506,1.0
0.007668,0.06717451523545706,1.0
0.00767,0.06719002539829139,1.0
0.007671,0.06722106722106722,1.0
0.007674,0.06725213773977351,1.0
0.007676,0.06726768377253814,1.0
0.007679,0.06728323699421965,1.0
0.007681,0.06732993984266543,1.0
0.007685,0.06736111111111111,1.0
0.007688,0.06739231125521075,1.0
0.00769,0.06740792216817235,1.0
0.007693,0.0674547983310153,1.0
0.007694,0.0675017397355602,1.0
0.007695,0.0675330703179392,1.0
0.007697,0.06754874651810584,1.0
0.007698,0.0675644299976782,1.0
0.007699,0.06761152416356878,1.0
0.0077,0.06767441860465116,1.0
0.007702,0.06772166627879916,1.0
0.007705,0.06780055917986952,1.0
0.007707,0.06786380597014925,1.0
0.007708,0.06791131855309218,1.0
0.007709,0.06792717086834733,1.0
0.007711,0.06794303058603783,1.0
0.007715,0.06795889771134983,1.0
0.007717,0.06799065420560747,1.0
0.007719,0.06802244039270687,1.0
0.007721,0.06805425631431244,1.0
0.007722,0.06808610201216658,1.0
0.007723,0.06814988290398126,1.0
0.007724,0.06816584680252986,1.0
0.007725,0.06821378340365682,1.0
0.007726,0.06826178747361013,1.0
0.007728,0.06830985915492958,1.0
0.00773,0.06835799859055673,1.0
0.007731,0.06839012925969448,1.0
0.007732,0.0684062059238364,1.0
0.00774,0.06842229014813073,1.0
0.007741,0.06843838193791157,1.0
0.007742,0.06847058823529412,1.0
0.007743,0.06848670275358908,1.0
0.007744,0.06853509185115403,1.0
0.007746,0.06858354937544191,1.0
0.007748,0.0685997171145686,1.0
0.007749,0.06869688385269122,1.0
0.00775,0.0687293339631554,1.0
0.007751,0.06876181474480152,1.0
0.007752,0.06877806665090995,1.0
0.007762,0.06882686849574267,1.0
0.007764,0.06885944155229531,1.0
0.007765,0.06887573964497042,1.0
0.007766,0.06892468024632875,1.0
0.007774,0.0689410092395167,1.0
0.007779,0.06897369044797345,1.0
0.00778,0.0689900426742532,1.0
0.007785,0.06905552918841955,1.0
0.007792,0.06908831908831908,1.0
0.007794,0.06910472571835669,1.0
0.007797,0.06912114014251781,1.0
0.007798,0.06917043023532209,1.0
0.007799,0.06918687589158345,1.0
0.007803,0.0692197906755471,1.0
0.007804,0.06923625981441828,1.0
0.007806,0.06928571428571428,1.0
0.007813,0.06933523945675482,1.0
0.007817,0.06935176358436607,1.0
0.007819,0.06938483547925609,1.0
0.00782,0.06940138325781063,1.0
0.007821,0.0694179389312977,1.0
0.007824,0.06945107398568019,1.0
0.007825,0.06946765337789448,1.0
0.007829,0.06950083592070695,1.0
0.00783,0.06951743908265648,1.0
0.007834,0.06953405017921147,1.0
0.007837,0.06960057402535279,1.0
0.007838,0.06963388370423547,1.0
0.007843,0.06966722528130237,1.0
0.00785,0.06970059880239521,1.0
0.007851,0.06973400431344356,1.0
0.007852,0.06981765834932821,1.0
0.007854,0.06983441324694024,1.0
0.007856,0.06988472622478387,1.0
0.007857,0.06990151333173192,1.0
0.007859,0.06991830850552619,1.0
0.007861,0.06993511175198269,1.0
0.007862,0.06995192307692308,1.0
0.007865,0.0700024055809478,1.0
0.007866,0.07001924927815206,1.0
0.007867,0.0700529610014444,1.0
0.007868,0.07006982903924873,1.0
0.007869,0.07010358949650687,1.0
0.007871,0.07012048192771084,1.0
0.007873,0.07013738250180766,1.0
0.007875,0.07017120810224259,1.0
0.007879,0.07020506634499397,1.0
0.007885,0.07022200772200772,1.0
0.007887,0.07023895727733527,1.0
0.007895,0.07025591501690005,1.0
0.007896,0.07027288094663126,1.0
0.007897,0.07032382793620107,1.0
0.007899,0.07034082668600435,1.0
0.0079,0.07037484885126966,1.0
0.007902,0.07039187227866474,1.0
0.007905,0.07040890394386644,1.0
0.007906,0.07046004842615013,1.0
0.007907,0.07047711310244612,1.0
0.007914,0.07051126726435668,1.0
0.00792,0.07052835676199709,1.0
0.007929,0.07056256062075655,1.0
0.007931,0.07063106796116504,1.0
0.007933,0.07066537153958233,1.0
0.007935,0.07068253582705854,1.0
0.007937,0.07073407875546912,1.0
0.007941,0.07076848249027237,1.0
0.007942,0.07078569691072732,1.0
0.007945,0.0708029197080292,1.0
0.007946,0.07082015088829399,1.0
0.007948,0.07083739045764362,1.0
0.00795,0.07085463842220599,1.0
0.007951,0.07087189478811495,1.0
0.007955,0.07094100438810337,1.0
0.00796,0.07095830285296269,1.0
0.007962,0.07099292510368382,1.0
0.007963,0.07101024890190337,1.0
0.007967,0.0710275811569441,1.0
0.00797,0.07106227106227106,1.0
0.007976,0.07107962872496336,1.0
0.007979,0.07111436950146628,1.0
0.007982,0.07113175262771938,1.0
0.007993,0.07116654438738078,1.0
0.007994,0.0711839530332681,1.0
0.008001,0.07120137019818938,1.0
0.008006,0.07123623011015912,1.0
0.008007,0.07125367286973555,1.0
0.008008,0.07128858402743753,1.0
0.008009,0.0713060524381279,1.0
0.008012,0.0713235294117647,1.0
0.008019,0.07137601177336277,1.0
0.008023,0.07139352306182532,1.0
0.00803,0.07142857142857142,1.0
0.008031,0.07144610851951878,1.0
0.008035,0.07146365422396857,1.0
0.008038,0.07148120854826824,1.0
0.008047,0.0715339233038348,1.0
0.00806,0.07155151217113351,1.0
0.008062,0.07158671586715867,1.0
0.00808,0.07160433070866142,1.0
0.008091,0.07163958641063516,1.0
0.008099,0.07165722728392021,1.0
0.008101,0.07167487684729064,1.0
0.008102,0.07171020206998521,1.0
0.008105,0.0717632552404439,1.0
0.008106,0.07178095707942772,1.0
0.008109,0.07181638696939782,1.0
0.008112,0.07183411503332511,1.0
0.008113,0.07186959743146457,1.0
0.008119,0.07188735177865613,1.0
0.008121,0.07190511489992588,1.0
0.008123,0.07192288680177954,1.0
0.008127,0.07194066749072929,1.0
0.008138,0.07195845697329377,1.0
0.008139,0.07199406234537357,1.0
0.008159,0.07202970297029702,1.0
0.008161,0.07206537890044576,1.0
0.008162,0.07210109018830525,1.0
0.008163,0.07213683688646505,1.0
0.008164,0.07217261904761904,1.0
0.008171,0.07220843672456576,1.0
0.008175,0.07224428997020854,1.0
0.008194,0.07228017883755589,1.0
0.008237,0.07229813664596273,1.0
0.008254,0.07231610337972166,1.0
0.008265,0.07233407904548844,1.0
0.008296,0.07235206364992541,1.0
0.0083,0.07238805970149254,1.0
0.008352,0.0724060711619806,1.0
0.008366,0.07242409158785465,1.0
0.008376,0.07244212098581031,1.0
0.008814,0.07247820672478207,1.0
0.008997,0.07249626307922272,1.0
0.009003,0.07251432843259407,1.0
0.009566,0.07253240279162512,1.0
0.009704,0.07255048616305161,1.0
0.014183,0.07256857855361595,1.0
0.014217,0.07258667997006735,1.0
0.014322,0.07260479041916168,1.0
0.01435,0.0726229099076616,1.0
0.014454,0.07264103844233649,1.0
0.014624,0.07265917602996255,1.0
0.018551,0.07267732267732267,1.0
0.019368,0.07269547839120659,1.0
0.019721,0.0727136431784108,1.0
0.02085,0.07273181704573857,1.0
0.021859,0.0727863931965983,1.0
0.021927,0.07280460345258945,1.0
0.02209,0.07257257257257257,0.9965635738831615
0.023869,0.07234042553191489,0.993127147766323
0.023972,0.07235853780671006,0.993127147766323
0.025163,0.07237665915351865,0.993127147766323
0.025254,0.07239478957915832,0.993127147766323
0.025505,0.07241292909045352,0.993127147766323
0.026248,0.07243107769423558,0.993127147766323
0.027164,0.07244923539734269,0.993127147766323
0.027186,0.07277763787459078,0.993127147766323
0.02738,0.07279596977329975,0.993127147766323
0.027547,0.072814310909549,0.993127147766323
0.027648,0.07283266129032258,0.993127147766323
0.027696,0.07285102092261155,0.993127147766323
0.028032,0.07286938981341402,0.993127147766323
0.028184,0.07290615539858729,0.993127147766323
0.028223,0.0729429581019687,0.993127147766323
0.028373,0.07296137339055794,0.993127147766323
0.028503,0.07297979797979798,0.993127147766323
0.028647,0.0730166750884285,0.993127147766323
0.028715,0.07303512762193581,0.993127147766323
0.028865,0.07305358948432761,0.993127147766323
0.028959,0.07307206068268016,0.993127147766323
0.029001,0.07309054122407689,0.993127147766323
0.029046,0.07312753036437247,0.993127147766323
0.029054,0.07314603897747406,0.993127147766323
0.029113,0.07316455696202531,0.993127147766323
0.029129,0.0731830843251456,0.993127147766323
0.029137,0.0732016210739615,0.993127147766323
0.029141,0.07322016721560679,0.993127147766323
0.029146,0.07325728770595691,0.993127147766323
0.02937,0.0732944458534111,0.993127147766323
0.029397,0.07331303906646372,0.993127147766323
0.029448,0.07333164171530068,0.993127147766323
0.029453,0.0733502538071066,0.993127147766323
0.029508,0.07336887534907337,0.993127147766323
0.02951,0.0733875063484002,0.993127147766323
0.029541,0.07340614681229363,0.993127147766323
0.029563,0.07342479674796748,0.993127147766323
0.029596,0.07349949135300102,0.993127147766323
0.029611,0.07351818875604171,0.993127147766323
0.029612,0.07353689567430026,0.993127147766323
0.029696,0.073555612115042,0.993127147766323
0.029729,0.07357433808553972,0.993127147766323
0.029765,0.0735930735930736,0.993127147766323
0.029839,0.07361181864493123,0.993127147766323
0.02989,0.07363057324840765,0.993127147766323
0.029901,0.07368689444161142,0.993127147766323
0.029916,0.07372448979591836,0.993127147766323
0.029918,0.07374330186272009,0.993127147766323
0.029941,0.0737621235324145,0.993127147766323
0.029951,0.0737809548123564,0.993127147766323
0.02998,0.07379979570990806,0.993127147766323
0.029982,0.07381864623243933,0.993127147766323
0.029996,0.07459989674754776,0.993127147766323
0.030007,0.07461915827523884,0.993127147766323
0.030021,0.07463842975206611,0.993127147766323
0.030057,0.07465771118574012,0.993127147766323
0.030075,0.07467700258397933,0.993127147766323
0.030107,0.07471561530506722,0.993127147766323
0.030132,0.07473493664339281,0.993127147766323
0.03014,0.07477360931435964,0.993127147766323
0.030156,0.07479296066252587,0.993127147766323
0.030162,0.07481232202951074,0.993127147766323
0.030172,0.07487046632124353,0.993127147766323
0.030194,0.07488986784140969,0.993127147766323
0.030202,0.07490927941938828,0.993127147766323
0.030206,0.07492870106300234,0.993127147766323
0.030233,0.07494813278008298,0.993127147766323
0.030244,0.07496757457846952,0.993127147766323
0.030253,0.07498702646600934,0.993127147766323
0.030262,0.075006488450558,0.993127147766323
0.030286,0.07502596053997923,0.993127147766323
0.030311,0.07504544274214489,0.993127147766323
0.030317,0.07506493506493507,0.993127147766323
0.030324,0.0751039501039501,0.993127147766323
0.030336,0.07512347283597609,0.993127147766323
0.03034,0.0751430057202288,0.993127147766323
0.030378,0.07516254876462938,0.993127147766323
0.030381,0.07518210197710717,0.993127147766323
0.030391,0.07520166536559979,0.993127147766323
0.030483,0.07524082270242125,0.993127147766323
0.030488,0.07526041666666666,0.993127147766323
0.03049,0.07529963522668057,0.993127147766323
0.030498,0.07531925983841543,0.993127147766323
0.030508,0.07533889468196038,0.993127147766323
0.030549,0.07535853976531942,0.993127147766323
0.030563,0.07549634273772204,0.993127147766323
0.030564,0.07551607002874314,0.993127147766323
0.030599,0.07555555555555556,0.993127147766323
0.030624,0.07557531380753138,0.993127147766323
0.030661,0.07567426027755957,0.993127147766323
0.030677,0.07569408067050812,0.993127147766323
0.030684,0.07571391144878177,0.993127147766323
0.030702,0.07575360419397116,0.993127147766323
0.030711,0.07577346617724175,0.993127147766323
0.030739,0.07579333857854707,0.993127147766323
0.030749,0.07581322140608604,0.993127147766323
0.030753,0.07583311466806612,0.993127147766323
0.030763,0.07585301837270342,0.993127147766323
0.030765,0.07587293252822264,0.993127147766323
0.030768,0.07589285714285714,0.993127147766323
0.030773,0.07593273778244876,0.993127147766323
0.030784,0.0759526938239159,0.993127147766323
0.030786,0.0759726603575184,0.993127147766323
0.030794,0.075992637391533,0.993127147766323
0.030796,0.07605263157894737,0.993127147766323
0.030807,0.076072650697552,0.993127147766323
0.030812,0.0760926803580832,0.993127147766323
0.030817,0.07611272056887015,0.993127147766323
0.03082,0.0761528326745718,0.993127147766323
0.030827,0.07617290458618872,0.993127147766323
0.030847,0.07621308016877637,0.993127147766323
0.030851,0.07623318385650224,0.993127147766323
0.030858,0.07627342306677223,0.993127147766323
0.030894,0.0762935586061246,0.993127147766323
0.030908,0.07631370477950884,0.993127147766323
0.030924,0.07635402906208719,0.993127147766323
0.03093,0.07637420718816068,0.993127147766323
0.030932,0.07639439598202485,0.993127147766323
0.030943,0.07641459545214173,0.993127147766323
0.030957,0.07643480560698228,0.993127147766323
0.030979,0.07647525800476317,0.993127147766323
0.031011,0.07649550026469032,0.993127147766323
0.031012,0.0765157532433148,0.993127147766323
0.031016,0.07659687251523986,0.993127147766323
0.031048,0.07663749668522939,0.993127147766323
0.031076,0.076657824933687,0.993127147766323
0.031078,0.0766781639692226,0.993127147766323
0.031081,0.07671887443589064,0.993127147766323
0.031082,0.07675962815405046,0.993127147766323
0.031088,0.07684126562084552,0.993127147766323
0.0311,0.07686170212765958,0.993127147766323
0.031107,0.07688214950784783,0.993127147766323
0.031112,0.07690260777009048,0.993127147766323
0.031127,0.07692307692307693,0.993127147766323
0.031142,0.07694355697550585,0.993127147766323
0.031144,0.07696404793608522,0.993127147766323
0.03115,0.07698454981353223,0.993127147766323
0.031177,0.07702558635394456,0.993127147766323
0.031183,0.07706666666666667,0.993127147766323
0.031184,0.07716955941255006,0.993127147766323
0.031185,0.0772314270443613,0.993127147766323
0.031188,0.0772520716385993,0.993127147766323
0.031197,0.0772933939556031,0.993127147766323
0.031198,0.07739689341189074,0.993127147766323
0.031202,0.07741762657380123,0.993127147766323
0.031203,0.07745912623961404,0.993127147766323
0.031205,0.0775006704210244,0.993127147766323
0.031207,0.09860116001364722,0.993127147766323
0.031225,0.09863481228668942,0.993127147766323
0.031233,0.09866848753840901,0.993127147766323
0.031246,0.09870218579234973,0.993127147766323
0.031254,0.09873590707208746,0.993127147766323
0.031257,0.09876965140123035,0.993127147766323
0.031266,0.09880341880341881,0.993127147766323
0.031275,0.09883720930232558,0.993127147766323
0.031277,0.09887102292165584,0.993127147766323
0.031283,0.09890485968514716,0.993127147766323
0.031291,0.09893871961656966,0.993127147766323
0.031305,0.0990743914981145,0.993127147766323
0.031306,0.09924450549450549,0.993127147766323
0.031309,0.09927859841978702,0.993127147766323
0.031314,0.0993127147766323,0.993127147766323
0.031318,0.09938101788170564,0.993127147766323
0.031319,0.09941520467836257,0.993127147766323
0.03133,0.09948364888123924,0.993127147766323
0.03134,0.09955218739235273,0.993127147766323
0.031342,0.0996551724137931,0.993127147766323
0.031343,0.0996895481200414,0.993127147766323
0.031349,0.09975837072833967,0.993127147766323
0.03136,0.09979281767955801,0.993127147766323
0.031372,0.0998272884283247,0.993127147766323
0.031388,0.09986178299930891,0.993127147766323
0.031389,0.09989630141721396,0.993127147766323
0.03139,0.1,0.993127147766323
0.031397,0.10003461405330565,0.993127147766323
0.031399,0.10006925207756233,0.993127147766323
0.031401,0.10013860013860014,0.993127147766323
0.031403,0.10073196235622169,0.993127147766323
0.031415,0.10080223229856994,0.993127147766323
0.031419,0.10087260034904014,0.993127147766323
0.031424,0.10251862362539908,0.993127147766323
0.031426,0.10259140930067448,0.993127147766323
0.031427,0.10262784090909091,0.993127147766323
0.031428,0.10273729114824032,0.993127147766323
0.03143,0.10284697508896797,0.993127147766323
0.031431,0.10288358846564613,0.993127147766323
0.031432,0.10310381733856583,0.993127147766323
0.031433,0.10317743662977508,0.993127147766323
0.031434,0.10332499106185199,0.993127147766323
0.031435,0.10365853658536585,0.993127147766323
0.031436,0.10377019748653502,0.993127147766323
0.031465,0.10384477182896155,0.993127147766323
0.031481,0.10388209920920201,0.993127147766323
0.031507,0.10391945343401654,0.993127147766323
0.031519,0.10399424253328536,0.993127147766323
0.031524,0.10403167746580273,0.993127147766323
0.03157,0.10406913935902053,0.993127147766323
0.031637,0.10410662824207492,0.993127147766323
0.031658,0.10414414414414415,0.993127147766323
0.031662,0.10418168709444844,0.993127147766323
0.031666,0.10421925712225028,0.993127147766323
0.031668,0.10429447852760736,0.993127147766323
0.031675,0.10433212996389891,0.993127147766323
0.031681,0.10459645313065509,0.993127147766323
0.031694,0.10463432295438088,0.993127147766323
0.031705,0.10471014492753623,0.993127147766323
0.031711,0.10474809713664371,0.993127147766323
0.031719,0.10478607686729514,0.993127147766323
0.031735,0.10486211901306242,0.993127147766323
0.031736,0.10490018148820326,0.993127147766323
0.031743,0.10493827160493827,0.993127147766323
0.031778,0.10497638939338903,0.993127147766323
0.031779,0.10501453488372094,0.993127147766323
0.031843,0.10505270810614321,0.993127147766323
0.031903,0.10512913786831575,0.993127147766323
0.031916,0.10516739446870452,0.993127147766323
0.031928,0.10520567892246087,0.993127147766323
0.031942,0.10524399126001456,0.993127147766323
0.031978,0.10555149744338933,0.993127147766323
0.031984,0.10559006211180125,0.993127147766323
0.032044,0.10562865497076024,0.993127147766323
0.032052,0.1056672760511883,0.993127147766323
0.032061,0.10570592538405267,0.993127147766323
0.03209,0.10582204320761626,0.993127147766323
0.032116,0.10586080586080586,0.993127147766323
0.032139,0.10589959692194943,0.993127147766323
0.032148,0.1059384164222874,0.993127147766323
0.032161,0.10597726439310598,0.993127147766323
0.032168,0.10601614086573734,0.993127147766323
0.032189,0.10605504587155963,0.993127147766323
0.03221,0.10613294160852002,0.993127147766323
0.032223,0.10621095185593532,0.993127147766323
0.032245,0.10628907686649504,0.993127147766323
0.032254,0.10632818248712289,0.993127147766323
0.032277,0.10636731689363269,0.993127147766323
0.032285,0.10640648011782032,0.993127147766323
0.032307,0.10648489314664701,0.993127147766323
0.032313,0.10652414301511243,0.993127147766323
0.032323,0.1066027296200664,0.993127147766323
0.032329,0.1066420664206642,0.993127147766323
0.032331,0.10668143226282761,0.993127147766323
0.032357,0.10672082717872969,0.993127147766323
0.032364,0.10676025120059106,0.993127147766323
0.032369,0.10679970436067997,0.993127147766323
0.032374,0.10683918669131238,0.993127147766323
0.032385,0.10687869822485208,0.993127147766323
0.032389,0.1069182389937107,0.993127147766323
0.032393,0.10695780903034789,0.993127147766323
0.032394,0.10699740836727138,0.993127147766323
0.032395,0.10703703703703704,0.993127147766323
0.032404,0.10707669507224898,0.993127147766323
0.032429,0.10711638250555967,0.993127147766323
0.03246,0.10715609936967001,0.993127147766323
0.032462,0.107275426874536,0.993127147766323
0.032466,0.10731526178982548,0.993127147766323
0.032474,0.10735512630014858,0.993127147766323
0.032476,0.10743494423791822,0.993127147766323
0.032477,0.10755489393375511,0.993127147766323
0.032498,0.10759493670886076,0.993127147766323
0.032499,0.10763500931098696,0.993127147766323
0.032505,0.10767511177347243,0.993127147766323
0.032509,0.10783582089552239,0.993127147766323
0.032519,0.10787607316162748,0.993127147766323
0.032523,0.11297888975762314,0.993127147766323
0.032537,0.11306729264475743,0.993127147766323
0.032541,0.11311154598825832,0.993127147766323
0.032542,0.11315583398590447,0.993127147766323
0.032545,0.11320015667841755,0.993127147766323
0.032563,0.11324451410658307,0.993127147766323
0.032582,0.11333333333333333,0.993127147766323
0.032597,0.11337779521380933,0.993127147766323
0.0326,0.11342229199372056,0.993127147766323
0.032601,0.11346682371417353,0.993127147766323
0.032618,0.11355599214145383,0.993127147766323
0.032625,0.11369000786782062,0.993127147766323
0.032639,0.11373475009838646,0.993127147766323
0.032689,0.11377952755905511,0.993127147766323
0.03269,0.11382434029145333,0.993127147766323
0.032701,0.11386918833727344,0.993127147766323
0.032718,0.11391407173827355,0.993127147766323
0.03273,0.1139589905362776,0.993127147766323
0.032737,0.11400394477317555,0.993127147766323
0.032748,0.11404893449092345,0.993127147766323
0.03275,0.11418411694982221,0.993127147766323
0.032759,0.11422924901185771,0.993127147766323
0.032777,0.11431962025316456,0.993127147766323
0.032794,0.11436485951721409,0.993127147766323
0.032795,0.11441013460015835,0.993127147766323
0.032802,0.11445544554455446,0.993127147766323
0.032803,0.11450079239302693,0.993127147766323
0.032811,0.11454617518826793,0.993127147766323
0.032826,0.11463704879016264,0.993127147766323
0.032838,0.11468253968253968,0.993127147766323
0.032841,0.1147280666931322,0.993127147766323
0.032845,0.11477362986497221,0.993127147766323
0.032899,0.11481922924116011,0.993127147766323
0.032957,0.11486486486486487,0.993127147766323
0.032958,0.11491053677932406,0.993127147766323
0.032963,0.11495624502784407,0.993127147766323
0.032982,0.11500198965380024,0.993127147766323
0.032999,0.1156,0.993127147766323
0.033006,0.11564625850340136,0.993127147766323
0.033013,0.1157388866639968,0.993127147766323
0.033015,0.11587810745789896,0.993127147766323
0.033026,0.11639146194120016,0.993127147766323
0.033039,0.11643835616438356,0.993127147766323
0.033041,0.11648528819024587,0.993127147766323
0.033051,0.11667339523617279,0.993127147766323
0.033055,0.1167205169628433,0.993127147766323
0.033066,0.11681487469684722,0.993127147766323
0.033077,0.11686211079660332,0.993127147766323
0.033087,0.11690938511326861,0.993127147766323
0.033115,0.11700404858299596,0.993127147766323
0.033133,0.11747967479674797,0.993127147766323
0.033141,0.11752745018300122,0.993127147766323
0.033155,0.11762311762311763,0.993127147766323
0.033159,0.11767100977198697,0.993127147766323
0.033161,0.11771894093686354,0.993127147766323
0.033185,0.11735941320293398,0.9896907216494846
0.033203,0.1175030599755202,0.9896907216494846
0.033253,0.11783960720130933,0.9896907216494846
0.033254,0.11793611793611794,0.9896907216494846
0.033266,0.11798443260958623,0.9896907216494846
0.033276,0.1180327868852459,0.9896907216494846
0.03328,0.11812961443806398,0.9896907216494846
0.033291,0.11842105263157894,0.9896907216494846
0.033295,0.11846976552858905,0.9896907216494846
0.03331,0.11856731165088513,0.9896907216494846
0.033311,0.1186161449752883,0.9896907216494846
0.033319,0.11866501854140915,0.9896907216494846
0.033324,0.11910669975186104,0.9896907216494846
0.033326,0.11925465838509317,0.9896907216494846
0.033341,0.11930405965202982,0.9896907216494846
0.033343,0.11945250933222729,0.9896907216494846
0.033349,0.11950207468879669,0.9896907216494846
0.03336,0.11960132890365449,0.9896907216494846
0.033376,0.1196510178645617,0.9896907216494846
0.033377,0.11975051975051976,0.9896907216494846
0.033378,0.11995002082465639,0.9896907216494846
0.033386,0.12,0.9896907216494846
0.033388,0.12010008340283569,0.9896907216494846
0.033399,0.12015018773466833,0.9896907216494846
0.033406,0.12020033388981637,0.9896907216494846
0.033408,0.12025052192066805,0.9896907216494846
0.033412,0.12035102381947346,0.9896907216494846
0.033419,0.1205525324403516,0.9896907216494846
0.033421,0.12065354000837872,0.9896907216494846
0.033425,0.12070410729253982,0.9896907216494846
0.03343,0.12116112747160286,0.9896907216494846
0.033431,0.12121212121212122,0.9896907216494846
0.033444,0.12131423757371525,0.9896907216494846
0.033448,0.1213653603034134,0.9896907216494846
0.033456,0.12141652613827993,0.9896907216494846
0.033461,0.12146773513285533,0.9896907216494846
0.033463,0.12157028281975517,0.9896907216494846
0.033469,0.12162162162162163,0.9896907216494846
0.033472,0.12172442941673711,0.9896907216494846
0.033496,0.1218274111675127,0.9896907216494846
0.033501,0.12193056731583404,0.9896907216494846
0.033505,0.12203389830508475,0.9896907216494846
0.033519,0.12208562950402713,0.9896907216494846
0.033522,0.12213740458015267,0.9896907216494846
0.033523,0.12218922358930845,0.9896907216494846
0.033531,0.12229299363057325,0.9896907216494846
0.033536,0.12234494477485132,0.9896907216494846
0.033546,0.12244897959183673,0.9896907216494846
0.033548,0.12250106337728627,0.9896907216494846
0.033551,0.1225531914893617,0.9896907216494846
0.033554,0.12260536398467432,0.9896907216494846
0.033561,0.12265758091993186,0.9896907216494846
0.033564,0.12270984235193864,0.9896907216494846
0.033565,0.12276214833759591,0.9896907216494846
0.03357,0.12281449893390192,0.9896907216494846
0.033578,0.12286689419795221,0.9896907216494846
0.033582,0.12297181895815543,0.9896907216494846
0.033595,0.12318220701454234,0.9896907216494846
0.033599,0.1232876712328767,0.9896907216494846
0.033602,0.12334047109207709,0.9896907216494846
0.033603,0.12339331619537275,0.9896907216494846
0.033607,0.1234991423670669,0.9896907216494846
0.03362,0.12360515021459227,0.9896907216494846
0.033628,0.12365822241305281,0.9896907216494846
0.033636,0.1237645036527718,0.9896907216494846
0.03365,0.12381771281169389,0.9896907216494846
0.033651,0.12387096774193548,0.9896907216494846
0.033667,0.12349397590361445,0.9862542955326461
0.033669,0.12386706948640483,0.9862542955326461
0.03367,0.12418866291648636,0.9862542955326461
0.033671,0.12435008665511266,0.9862542955326461
0.033672,0.12505446623093683,0.9862542955326461
0.033674,0.12527280663465734,0.9862542955326461
0.033678,0.12543706293706294,0.9862542955326461
0.03368,0.12560175054704595,0.9862542955326461
0.033681,0.12571178274200615,0.9862542955326461
0.033682,0.12587719298245614,0.9862542955326461
0.033685,0.12593242650285214,0.9862542955326461
0.033686,0.12598770851624233,0.9862542955326461
0.033691,0.12609841827768015,0.9862542955326461
0.033696,0.12620932277924363,0.9862542955326461
0.033702,0.12626484821821382,0.9862542955326461
0.033705,0.126431718061674,0.9862542955326461
0.033706,0.12659902955447727,0.9862542955326461
0.033727,0.12671081677704193,0.9862542955326461
0.033742,0.12676678445229683,0.9862542955326461
0.033743,0.12693498452012383,0.9862542955326461
0.033748,0.1271036315323295,0.9862542955326461
0.033749,0.12721631205673758,0.9862542955326461
0.033765,0.12727272727272726,0.9862542955326461
0.033771,0.12732919254658384,0.9862542955326461
0.033784,0.12744227353463589,0.9862542955326461
0.033789,0.12749888938249668,0.9862542955326461
0.033793,0.1277258566978193,0.9862542955326461
0.03381,0.12789661319073084,0.9862542955326461
0.033815,0.12806782686300758,0.9862542955326461
0.033816,0.128125,0.9862542955326461
0.033822,0.1282394995531725,0.9862542955326461
0.033825,0.12846911369740377,0.9862542955326461
0.033832,0.12852664576802508,0.9862542955326461
0.033852,0.128584229390681,0.9862542955326461
0.03388,0.12864186463469296,0.9862542955326461
0.033881,0.12869955156950671,0.9862542955326461
0.033907,0.12887292321508756,0.9862542955326461
0.033933,0.1289308176100629,0.9862542955326461
0.03394,0.12904676258992806,0.9862542955326461
0.033945,0.12910481331533963,0.9862542955326461
0.033948,0.12916291629162915,0.9862542955326461
0.033953,0.12922107158937415,0.9862542955326461
0.03396,0.12939585211902616,0.9862542955326461
0.033964,0.12945421741091565,0.9862542955326461
0.033969,0.12951263537906138,0.9862542955326461
0.033972,0.12962962962962962,0.9862542955326461
0.033973,0.1296882060551288,0.9862542955326461
0.034005,0.12974683544303797,0.9862542955326461
0.034012,0.12980551786521935,0.9862542955326461
0.034014,0.12986425339366517,0.9862542955326461
0.034026,0.1300407793384685,0.9862542955326461
0.03403,0.1300997280145059,0.9862542955326461
0.034072,0.13015873015873017,0.9862542955326461
0.034087,0.13021778584392016,0.9862542955326461
0.034105,0.13027689514298685,0.9862542955326461
0.034111,0.13039527487505678,0.9862542955326461
0.034114,0.13045454545454546,0.9862542955326461
0.034133,0.1305138699408822,0.9862542955326461
0.034154,0.1306326809285389,0.9862542955326461
0.034188,0.13069216757741348,0.9862542955326461
0.034203,0.3133187772925764,0.9862542955326461
0.034231,0.31400437636761486,0.9862542955326461
0.034232,0.3143483023001095,0.9862542955326461
0.034235,0.3969571230982019,0.9862542955326461
0.034241,0.39805825242718446,0.9862542955326461
0.034248,0.39861111111111114,0.9862542955326461
0.034257,0.3991655076495132,0.9862542955326461
0.034262,0.3997214484679666,0.9862542955326461
0.034267,0.400278940027894,0.9862542955326461
0.03427,0.3994413407821229,0.9828178694158075
0.034271,0.4011220196353436,0.9828178694158075
0.034276,0.40168539325842695,0.9828178694158075
0.034293,0.4022503516174402,0.9828178694158075
0.034298,0.4028169014084507,0.9828178694158075
0.0343,0.403954802259887,0.9828178694158075
0.034301,0.4045261669024045,0.9828178694158075
0.034312,0.40509915014164305,0.9828178694158075
0.034313,0.4056737588652482,0.9828178694158075
0.034326,0.40974212034383956,0.9828178694158075
0.034331,0.4103299856527977,0.9828178694158075
0.034367,0.4109195402298851,0.9828178694158075
0.034373,0.4115107913669065,0.9828178694158075
0.034376,0.41329479768786126,0.9828178694158075
0.034377,0.4144927536231884,0.9828178694158075
0.034421,0.41569767441860467,0.9828178694158075
0.034428,0.41690962099125367,0.9828178694158075
0.034435,0.41812865497076024,0.9828178694158075
0.034439,0.41874084919472915,0.9828178694158075
0.034449,0.41935483870967744,0.9828178694158075
0.03448,0.4199706314243759,0.9828178694158075
0.034486,0.42058823529411765,0.9828178694158075
0.034506,0.4212076583210604,0.9828178694158075
0.034536,0.4218289085545723,0.9828178694158075
0.034566,0.4224519940915805,0.9828178694158075
0.034595,0.4230769230769231,0.9828178694158075
0.034604,0.42433234421364985,0.9828178694158075
0.034605,0.424962852897474,0.9828178694158075
0.03465,0.4255952380952381,0.9828178694158075
0.034679,0.4262295081967213,0.9828178694158075
0.034742,0.42750373692077726,0.9828178694158075
0.034746,0.4281437125748503,0.9828178694158075
0.034756,0.43137254901960786,0.9828178694158075
0.034761,0.43267776096822996,0.9828178694158075
0.03478,0.4366412213740458,0.9828178694158075
0.034784,0.4554140127388535,0.9828178694158075
0.034788,0.45614035087719296,0.9828178694158075
0.034802,0.45980707395498394,0.9828178694158075
0.034837,0.4620355411954766,0.9828178694158075
0.034876,0.4642857142857143,0.9828178694158075
0.034884,0.46579804560260585,0.9828178694158075
0.034899,0.466557911908646,0.9828178694158075
0.034911,0.46808510638297873,0.9828178694158075
0.034972,0.46885245901639344,0.9828178694158075
0.034979,0.471169686985173,0.9828178694158075
0.034988,0.47194719471947194,0.9828178694158075
0.034992,0.4727272727272727,0.9828178694158075
0.034998,0.4735099337748344,0.9828178694158075
0.035048,0.47429519071310117,0.9828178694158075
0.035066,0.4750830564784053,0.9828178694158075
0.03507,0.4774624373956594,0.9828178694158075
0.035083,0.47906197654941374,0.9828178694158075
0.035099,0.48067226890756304,0.9828178694158075
0.035117,0.48148148148148145,0.9828178694158075
0.035121,0.4831081081081081,0.9828178694158075
0.035138,0.48392554991539766,0.9828178694158075
0.035148,0.4855687606112054,0.9828178694158075
0.035161,0.48722316865417375,0.9828178694158075
0.035183,0.4880546075085324,0.9828178694158075
0.035209,0.4897260273972603,0.9828178694158075
0.035219,0.49225473321858865,0.9828178694158075
0.035245,0.4939550949913644,0.9828178694158075
0.035251,0.49480968858131485,0.9828178694158075
0.035274,0.5017543859649123,0.9828178694158075
0.035301,0.5026362038664324,0.9828178694158075
0.035303,0.5070921985815603,0.9828178694158075
0.035312,0.5134649910233393,0.9828178694158075
0.035319,0.5143884892086331,0.9828178694158075
0.03534,0.516245487364621,0.9828178694158075
0.035369,0.5181159420289855,0.9828178694158075
0.035384,0.5190562613430127,0.9828178694158075
0.035429,0.5209471766848816,0.9828178694158075
0.035464,0.5228519195612431,0.9828178694158075
0.03548,0.5247706422018349,0.9828178694158075
0.035487,0.5257352941176471,0.9828178694158075
0.035529,0.5267034990791897,0.9828178694158075
0.035541,0.5276752767527675,0.9828178694158075
0.035556,0.5296296296296297,0.9828178694158075
0.035576,0.5306122448979592,0.9828178694158075
0.03558,0.5315985130111525,0.9828178694158075
0.035585,0.5325884543761639,0.9828178694158075
0.035624,0.5345794392523364,0.9828178694158075
0.035686,0.5365853658536586,0.9828178694158075
0.035726,0.5386064030131826,0.9828178694158075
0.035751,0.5416666666666666,0.9828178694158075
0.035783,0.5426944971537002,0.9828178694158075
0.035795,0.5418250950570342,0.979381443298969
0.035831,0.5428571428571428,0.979381443298969
0.035867,0.5438931297709924,0.979381443298969
0.035868,0.7661290322580645,0.979381443298969
0.035924,0.7681940700808625,0.979381443298969
0.035973,0.7702702702702703,0.979381443298969
0.035974,0.7723577235772358,0.979381443298969
0.036015,0.776566757493188,0.979381443298969
0.036021,0.7808219178082192,0.979381443298969
0.03603,0.7851239669421488,0.979381443298969
0.036044,0.787292817679558,0.979381443298969
0.036079,0.7983193277310925,0.979381443298969
0.036086,0.800561797752809,0.979381443298969
0.036096,0.8050847457627118,0.979381443298969
0.036147,0.8096590909090909,0.979381443298969
0.036178,0.811965811965812,0.979381443298969
0.036217,0.8142857142857143,0.979381443298969
0.036287,0.8284883720930233,0.979381443298969
0.036335,0.8279883381924198,0.9759450171821306
0.036384,0.8304093567251462,0.9759450171821306
0.036402,0.8328445747800587,0.9759450171821306
0.036461,0.8377581120943953,0.9759450171821306
0.036475,0.8402366863905325,0.9759450171821306
0.036501,0.8452380952380952,0.9759450171821306
0.036555,0.8502994011976048,0.9759450171821306
0.036595,0.8498498498498499,0.9725085910652921
0.036671,0.8524096385542169,0.9725085910652921
0.036681,0.8575757575757575,0.9725085910652921
0.036715,0.8628048780487805,0.9725085910652921
0.036805,0.8623853211009175,0.9690721649484536
0.036827,0.8650306748466258,0.9690721649484536
0.036887,0.8646153846153846,0.9656357388316151
0.036902,0.8672839506172839,0.9656357388316151
0.036972,0.8668730650154799,0.9621993127147767
0.036983,0.8695652173913043,0.9621993127147767
0.037064,0.8722741433021807,0.9621993127147767
0.037167,0.871875,0.9587628865979382
0.037183,0.8714733542319749,0.9553264604810997
0.037238,0.8710691823899371,0.9518900343642611
0.037295,0.8706624605678234,0.9484536082474226
0.037319,0.870253164556962,0.9450171821305842
0.037335,0.8698412698412699,0.9415807560137457
0.037381,0.8694267515923567,0.9381443298969072
0.037383,0.8690095846645367,0.9347079037800687
0.037395,0.8745980707395499,0.9347079037800687
0.037426,0.8831168831168831,0.9347079037800687
0.037525,0.8827361563517915,0.9312714776632303
0.037537,0.8823529411764706,0.9278350515463918
0.037567,0.8819672131147541,0.9243986254295533
0.037571,0.881578947368421,0.9209621993127147
0.037623,0.8844884488448845,0.9209621993127147
0.037741,0.8841059602649006,0.9175257731958762
0.037744,0.8837209302325582,0.9140893470790378
0.037772,0.8833333333333333,0.9106529209621993
0.037818,0.882943143812709,0.9072164948453608
0.037819,0.8825503355704698,0.9037800687285223
0.037884,0.8817567567567568,0.8969072164948454
0.037971,0.8813559322033898,0.8934707903780069
0.038181,0.8809523809523809,0.8900343642611683
0.038248,0.8805460750853242,0.8865979381443299
0.038269,0.8801369863013698,0.8831615120274914
0.038274,0.8797250859106529,0.8797250859106529
0.038317,0.8793103448275862,0.8762886597938144
0.038387,0.8788927335640139,0.872852233676976
0.0384,0.8850174216027874,0.872852233676976
0.038431,0.8842105263157894,0.865979381443299
0.038451,0.9960474308300395,0.865979381443299
0.038462,0.996031746031746,0.8625429553264605
0.038517,0.9960159362549801,0.8591065292096219
0.038518,1.0,0.8591065292096219
0.038561,1.0,0.8556701030927835
0.038613,1.0,0.852233676975945
0.038615,1.0,0.8487972508591065
0.038625,1.0,0.845360824742268
0.038633,1.0,0.8419243986254296
0.038662,1.0,0.8384879725085911
0.038693,1.0,0.8350515463917526
0.038729,1.0,0.8316151202749141
0.03873,1.0,0.8281786941580757
0.038742,1.0,0.8247422680412371
0.03875,1.0,0.8213058419243986
0.038793,1.0,0.8178694158075601
0.038803,1.0,0.8144329896907216
0.038805,1.0,0.8075601374570447
0.03881,1.0,0.8041237113402062
0.038836,1.0,0.7972508591065293
0.03884,1.0,0.7938144329896907
0.038877,1.0,0.7903780068728522
0.038896,1.0,0.7663230240549829
0.038911,1.0,0.7628865979381443
0.038927,1.0,0.7491408934707904
0.038931,1.0,0.7457044673539519
0.03894,1.0,0.7422680412371134
0.038948,1.0,0.738831615120275
0.038951,1.0,0.7353951890034365
0.038961,1.0,0.7285223367697594
0.03898,1.0,0.7216494845360825
0.038982,1.0,0.718213058419244
0.038985,1.0,0.7147766323024055
0.038995,1.0,0.711340206185567
0.038998,1.0,0.7079037800687286
0.039008,1.0,0.7044673539518901
0.039011,1.0,0.697594501718213
0.039014,1.0,0.6941580756013745
0.039018,1.0,0.6872852233676976
0.039023,1.0,0.6804123711340206
0.039043,1.0,0.6735395189003437
0.039048,1.0,0.6701030927835051
0.039058,1.0,0.6666666666666666
0.039061,1.0,0.6632302405498282
0.039071,1.0,0.6597938144329897
0.039072,1.0,0.6563573883161512
0.039074,1.0,0.6529209621993127
0.039075,1.0,0.6494845360824743
0.039076,1.0,0.6426116838487973
0.039077,1.0,0.6357388316151202
0.039092,1.0,0.6323024054982818
0.0391,1.0,0.6254295532646048
0.039108,1.0,0.6219931271477663
0.039113,1.0,0.6185567010309279
0.039118,1.0,0.6151202749140894
0.039121,1.0,0.6116838487972509
0.039122,1.0,0.6082474226804123
0.039124,1.0,0.5979381443298969
0.039125,1.0,0.5945017182130584
0.039134,1.0,0.584192439862543
0.039138,1.0,0.5807560137457045
0.039146,1.0,0.5738831615120275
0.039148,1.0,0.570446735395189
0.039156,1.0,0.5670103092783505
0.039158,1.0,0.563573883161512
0.03916,1.0,0.5601374570446735
0.039161,1.0,0.5567010309278351
0.039162,1.0,0.5532646048109966
0.039163,1.0,0.5463917525773195
0.039165,1.0,0.5429553264604811
0.039166,1.0,0.5395189003436426
0.039167,1.0,0.5360824742268041
0.039172,1.0,0.5326460481099656
0.039173,1.0,0.5292096219931272
0.039176,1.0,0.5257731958762887
0.039177,1.0,0.5189003436426117
0.03918,1.0,0.5154639175257731
0.039182,1.0,0.5120274914089347
0.039189,1.0,0.5051546391752577
0.03919,1.0,0.5017182130584192
0.039193,1.0,0.49828178694158076
0.039194,1.0,0.4948453608247423
0.039195,1.0,0.49140893470790376
0.039196,1.0,0.4879725085910653
0.039198,1.0,0.4845360824742268
0.0392,1.0,0.48109965635738833
0.039202,1.0,0.47766323024054985
0.039204,1.0,0.4742268041237113
0.039205,1.0,0.47079037800687284
0.039207,1.0,0.46735395189003437
0.039212,1.0,0.4639175257731959
0.039213,1.0,0.4570446735395189
0.039215,1.0,0.44329896907216493
0.039221,1.0,0.436426116838488
0.039222,1.0,0.42955326460481097
0.039223,1.0,0.422680412371134
0.039225,1.0,0.41924398625429554
0.039226,1.0,0.41580756013745707
0.039227,1.0,0.4054982817869416
0.039232,1.0,0.4020618556701031
0.039236,1.0,0.3951890034364261
0.039238,1.0,0.3917525773195876
0.039241,1.0,0.38831615120274915
0.039242,1.0,0.37800687285223367
0.039244,1.0,0.3745704467353952
0.039245,1.0,0.36769759450171824
0.039246,1.0,0.36082474226804123
0.039251,1.0,0.3539518900343643
0.039253,1.0,0.3470790378006873
0.039256,1.0,0.3436426116838488
0.039257,1.0,0.3333333333333333
0.039258,1.0,0.32989690721649484
0.039259,1.0,0.32646048109965636
0.039261,1.0,0.31958762886597936
0.039262,1.0,0.3127147766323024
0.039264,1.0,0.30927835051546393
0.039271,1.0,0.3024054982817869
0.039272,1.0,0.2920962199312715
0.039273,1.0,0.28865979381443296
0.039277,1.0,0.27491408934707906
0.039279,1.0,0.27147766323024053
0.03928,1.0,0.2646048109965636
0.039281,1.0,0.2542955326460481
0.039282,1.0,0.2508591065292096
0.039285,1.0,0.24398625429553264
0.039286,1.0,0.24054982817869416
0.039287,1.0,0.23711340206185566
0.039289,1.0,0.23367697594501718
0.039291,1.0,0.21305841924398625
0.039292,1.0,0.20962199312714777
0.039293,1.0,0.19931271477663232
0.039294,1.0,0.18900343642611683
0.039295,1.0,0.17869415807560138
0.039296,1.0,0.16494845360824742
0.0393,1.0,0.16151202749140894
0.039301,1.0,0.14776632302405499
0.039302,1.0,0.14432989690721648
0.039304,1.0,0.13402061855670103
0.039308,1.0,0.12714776632302405
0.039309,1.0,0.12371134020618557
0.03931,1.0,0.10996563573883161
0.039311,1.0,0.10309278350515463
0.039312,1.0,0.09965635738831616
0.039314,1.0,0.08934707903780069
0.039315,1.0,0.0859106529209622
0.039317,1.0,0.08247422680412371
0.039318,1.0,0.07216494845360824
0.03932,1.0,0.06529209621993128
0.039321,1.0,0.061855670103092786
0.039324,1.0,0.05154639175257732
0.039325,1.0,0.044673539518900345
0.039326,1.0,0.030927835051546393
0.039333,1.0,0.027491408934707903
0.039337,1.0,0.024054982817869417
0.039338,1.0,0.01718213058419244
0.03934,1.0,0.013745704467353952
0.039343,1.0,0.010309278350515464
0.040475,1.0,0.006872852233676976
0.04225,1.0,0.003436426116838488
